building_id,position_id,ssid,mac_id,rssi
AI,201앞 복도(호),GC_free_WiFi_,94:64:24:9d:d9:60,-57
AI,201앞 복도(호),GC_free_WiFi_,94:64:24:9d:d9:40,-60
AI,201앞 복도(호),GC_free_WiFi_,94:64:24:9d:fa:00,-60
AI,201앞 복도(호),GC_free_WiFi_,94:64:24:9f:a8:b0,-61
AI,201앞 복도(호),GC_free_WiFi_,94:64:24:9d:f9:e0,-64
AI,202앞 복도(호),GC_free_WiFi_,94:64:24:9d:d9:60,-63
AI,202앞 복도(호),GC_free_WiFi_,94:64:24:9e:7e:c0,-63
AI,202앞 복도(호),GC_free_WiFi_,94:64:24:a0:cf:70,-63
AI,202앞 복도(호),GC_free_WiFi_,94:64:24:9e:7e:a0,-65
AI,202앞 복도(호),iNES_,14:eb:b6:af:69:66,-65
AI,203앞 복도(호),GC_free_WiFi_,94:64:24:9e:7e:c0,-51
AI,203앞 복도(호),GC_free_WiFi_,94:64:24:9e:7e:a0,-57
AI,203앞 복도(호),iNES_,14:eb:b6:af:69:66,-60
AI,203앞 복도(호),GC_free_WiFi_,94:64:24:a0:cf:70,-60
AI,203앞 복도(호),DIRECT-6t-EPSON-L5290 Series_,3a:1a:52:ea:79:f4,-65
AI,204앞 복도(호),GC_free_WiFi_,94:64:24:9e:7e:c0,-51
AI,204앞 복도(호),GC_free_WiFi_,94:64:24:9e:7e:a0,-57
AI,204앞 복도(호),iNES_,14:eb:b6:af:69:66,-60
AI,204앞 복도(호),GC_free_WiFi_,94:64:24:a0:cf:70,-60
AI,204앞 복도(호),DIRECT-6t-EPSON-L5290 Series_,3a:1a:52:ea:79:f4,-65
AI,205앞 복도(호),GC_free_WiFi_,94:64:24:9d:d9:40,-60
AI,205앞 복도(호),GC_free_WiFi_,94:64:24:9d:d9:60,-60
AI,205앞 복도(호),GC_free_WiFi_,94:64:24:9d:fa:00,-60
AI,205앞 복도(호),GC_free_WiFi_,94:64:24:a1:89:50,-61
AI,205앞 복도(호),GC_free_WiFi_,94:64:24:9f:a8:b0,-62
AI,206앞 복도(호),GC_free_WiFi_,94:64:24:9e:4d:b0,-64
AI,206앞 복도(호),GC_free_WiFi_,94:64:24:9f:a8:90,-70
AI,206앞 복도(호),GC_free_WiFi_,94:64:24:9f:a8:b0,-71
AI,206앞 복도(호),GC_free_WiFi_,94:64:24:a1:89:70,-71
AI,206앞 복도(호),DIRECT-6t-EPSON-L5290 Series_,3a:1a:52:ea:79:f4,-74
AI,207앞 복도(호),GC_free_WiFi_,94:64:24:9e:4d:b0,-64
AI,207앞 복도(호),GC_free_WiFi_,94:64:24:9f:a8:90,-70
AI,207앞 복도(호),GC_free_WiFi_,94:64:24:9f:a8:b0,-71
AI,207앞 복도(호),GC_free_WiFi_,94:64:24:a1:89:70,-71
AI,207앞 복도(호),DIRECT-6t-EPSON-L5290 Series_,3a:1a:52:ea:79:f4,-74
AI,208앞 복도(호),GC_free_WiFi_,94:64:24:a1:89:50,-65
AI,208앞 복도(호),GC_free_WiFi_,94:64:24:9e:4d:d0,-67
AI,208앞 복도(호),GC_free_WiFi_,94:64:24:9e:4d:b0,-67
AI,208앞 복도(호),GC_free_WiFi_,94:64:24:9e:37:50,-69
AI,208앞 복도(호),GC_free_WiFi_,94:64:24:9f:a8:90,-70
AI,209앞 복도(호),GC_free_WiFi_,94:64:24:9e:4d:d0,-52
AI,209앞 복도(호),GC_free_WiFi_,94:64:24:9e:37:50,-68
AI,209앞 복도(호),GC_free_WiFi_,94:64:24:9e:4d:b0,-72
AI,209앞 복도(호),GC_free_WiFi_,94:64:24:9e:37:30,-75
AI,209앞 복도(호),GC_free_WiFi_,94:64:24:a0:8f:90,-79
AI,210(호),GC_free_WiFi_,94:64:24:a0:8f:90,-53
AI,210(호),GC_free_WiFi_,94:64:24:a0:8f:b0,-54
AI,210(호),GC_free_WiFi_,94:64:24:9e:37:50,-62
AI,210(호),GC_free_WiFi_,94:64:24:9e:37:30,-74
AI,210(호),GC_free_WiFi_,94:64:24:9e:4d:d0,-76
AI,210앞 복도(호),GC_free_WiFi_,94:64:24:9e:4d:d0,-48
AI,210앞 복도(호),GC_free_WiFi_,94:64:24:9e:37:50,-69
AI,210앞 복도(호),GC_free_WiFi_,94:64:24:9e:37:30,-75
AI,210앞 복도(호),GC_free_WiFi_,94:64:24:9f:a8:b0,-82
AI,210앞 복도(호),GC_free_WiFi_,94:64:24:a0:8f:90,-84
AI,211(호),GC_free_WiFi_,94:64:24:a0:8f:b0,-56
AI,211(호),GC_free_WiFi_,94:64:24:a0:8f:90,-57
AI,211(호),GC_free_WiFi_,94:64:24:9e:37:50,-64
AI,211(호),GC_free_WiFi_,94:64:24:a1:89:70,-73
AI,211(호),GC_free_WiFi_,94:64:24:9e:37:30,-75
AI,211앞 로비(호),GC_free_WiFi_,94:64:24:a0:68:90,-62
AI,211앞 로비(호),GC_free_WiFi_,94:64:24:9d:d9:60,-63
AI,211앞 로비(호),GC_free_WiFi_,94:64:24:9f:a8:90,-64
AI,211앞 로비(호),[LG_AirPurifier]c5be_,1e:39:29:4f:c5:be,-66
AI,211앞 로비(호),GC_free_WiFi_,94:64:24:9f:a8:b0,-67
AI,211앞 복도(호),GC_free_WiFi_,94:64:24:9e:4d:d0,-55
AI,211앞 복도(호),GC_free_WiFi_,94:64:24:9e:4d:b0,-68
AI,211앞 복도(호),GC_free_WiFi_,94:64:24:a1:89:50,-70
AI,211앞 복도(호),GC_free_WiFi_,94:64:24:a1:89:70,-71
AI,211앞 복도(호),GC_free_WiFi_,94:64:24:a0:8f:b0,-72
AI,212앞 복도(호),GC_free_WiFi_,94:64:24:9e:7e:c0,-51
AI,212앞 복도(호),GC_free_WiFi_,94:64:24:a0:e7:a0,-53
AI,212앞 복도(호),GC_free_WiFi_,94:64:24:a0:e7:80,-54
AI,212앞 복도(호),GC_free_WiFi_,94:64:24:9e:7e:a0,-57
AI,212앞 복도(호),GC_free_WiFi_,94:64:24:9e:8a:f2,-58
AI,213앞 복도(호),GC_free_WiFi_,94:64:24:a0:e7:a0,-53
AI,213앞 복도(호),GC_free_WiFi_,94:64:24:a0:e7:80,-54
AI,213앞 복도(호),GC_free_WiFi_,94:64:24:9e:8a:f2,-59
AI,213앞 복도(호),GC_free_WiFi_,94:64:24:a0:68:b0,-59
AI,213앞 복도(호),IDALab_,70:5d:cc:04:19:40,-61
AI,214앞 복도(호),GC_free_WiFi_,94:64:24:a0:e7:a0,-53
AI,214앞 복도(호),GC_free_WiFi_,94:64:24:a0:e7:80,-54
AI,214앞 복도(호),GC_free_WiFi_,94:64:24:9e:8a:f2,-59
AI,214앞 복도(호),GC_free_WiFi_,94:64:24:a0:68:b0,-59
AI,214앞 복도(호),IDALab_,70:5d:cc:04:19:40,-61
AI,214옆 메인로비(호),GC_free_WiFi_,94:64:24:a0:68:b0,-61
AI,214옆 메인로비(호),GC_free_WiFi_,94:64:24:a0:68:90,-62
AI,214옆 메인로비(호),226_AP_,70:5d:cc:61:f8:14,-62
AI,214옆 메인로비(호),IDALab_,70:5d:cc:04:19:40,-63
AI,214옆 메인로비(호),[LG_AirPurifier]c5be_,1e:39:29:4f:c5:be,-66
AI,215앞 복도(호),CVIP_,90:9f:33:f7:8a:12,-50
AI,215앞 복도(호),IDALab_,70:5d:cc:04:19:40,-52
AI,215앞 복도(호),216_,fc:34:97:04:09:d8,-52
AI,215앞 복도(호),GC_free_WiFi_,94:64:24:9e:61:50,-53
AI,215앞 복도(호),DIRECT-A7-HP _,06:0e:3c:e9:79:a7,-54
AI,216앞 복도(호),CVIP_,90:9f:33:f7:8a:12,-51
AI,216앞 복도(호),IDALab_,70:5d:cc:04:19:40,-52
AI,216앞 복도(호),216_,fc:34:97:04:09:d8,-52
AI,216앞 복도(호),GC_free_WiFi_,94:64:24:9e:61:50,-53
AI,216앞 복도(호),GC_free_WiFi_,94:64:24:9e:61:30,-55
AI,217앞 복도(호),DIRECT-A7-HP _,06:0e:3c:e9:79:a7,-47
AI,217앞 복도(호),iMES-LAB_,90:9f:33:19:ab:f0,-53
AI,217앞 복도(호),DIRECT-CB-HP M479fdw Color LJ_,06:0e:3c:e5:6a:cb,-54
AI,217앞 복도(호),216_,fc:34:97:04:09:d8,-55
AI,217앞 복도(호),GC_free_WiFi_,94:64:24:a1:99:f2,-57
AI,218앞 복도(호),DIRECT-A7-HP _,06:0e:3c:e9:79:a7,-47
AI,218앞 복도(호),iMES-LAB_,90:9f:33:19:ab:f0,-52
AI,218앞 복도(호),DIRECT-CB-HP M479fdw Color LJ_,06:0e:3c:e5:6a:cb,-52
AI,218앞 복도(호),216_,fc:34:97:04:09:d8,-56
AI,218앞 복도(호),GC_free_WiFi_,94:64:24:a1:99:f2,-57
AI,219앞 복도(호),DIRECT-CB-HP M479fdw Color LJ_,06:0e:3c:e5:6a:cb,-53
AI,219앞 복도(호),DIRECT-A7-HP _,06:0e:3c:e9:79:a7,-55
AI,219앞 복도(호),iMES-LAB_,90:9f:33:19:ab:f0,-57
AI,219앞 복도(호),SecurityLAB_220_,8a:36:6c:c9:da:18,-58
AI,219앞 복도(호),216_,fc:34:97:04:09:d8,-59
AI,220앞 복도(호),SecurityLAB_220_,8a:36:6c:c9:da:18,-50
AI,220앞 복도(호),GC_free_WiFi_,94:64:24:9e:2a:f2,-51
AI,220앞 복도(호),GC_free_WiFi_,94:64:24:9e:2a:d2,-51
AI,220앞 복도(호),SecurityLab220_,88:36:6c:e9:ec:b0,-52
AI,220앞 복도(호),SecurityLAB220_5G_,88:36:6c:e9:da:18,-54
AI,220옆 로비(호),SecurityLAB_220_,8a:36:6c:c9:da:18,-49
AI,220옆 로비(호),GC_free_WiFi_,94:64:24:9e:2a:d2,-50
AI,220옆 로비(호),GC_free_WiFi_,94:64:24:9e:2a:f2,-51
AI,220옆 로비(호),SecurityLab220_,88:36:6c:e9:ec:b0,-54
AI,220옆 로비(호),SecurityLab220_2.4G_,8a:36:6c:c9:ec:b0,-55
AI,221앞 복도(호),GC_free_WiFi_,94:64:24:9d:df:42,-53
AI,221앞 복도(호),GC_free_WiFi_,94:64:24:9d:df:62,-54
AI,221앞 복도(호),SecurityLAB_220_,8a:36:6c:c9:da:18,-57
AI,221앞 복도(호),SecurityLAB220_5G_,88:36:6c:e9:da:18,-60
AI,221앞 복도(호),SecurityLab220_,88:36:6c:e9:ec:b0,-61
AI,222앞 복도(호),GC_free_WiFi_,94:64:24:9d:df:42,-49
AI,222앞 복도(호),GC_free_WiFi_,94:64:24:9d:df:62,-52
AI,222앞 복도(호),SecurityLAB220_5G_,88:36:6c:e9:da:18,-60
AI,222앞 복도(호),GC_free_WiFi_,94:64:24:9e:7d:10,-60
AI,222앞 복도(호),SecurityLAB_220_,8a:36:6c:c9:da:18,-61
AI,223앞 복도(호),GC_free_WiFi_,94:64:24:9e:7d:10,-60
AI,223앞 복도(호),GC_free_WiFi_,94:64:24:9e:7c:f0,-63
AI,223앞 복도(호),GC_free_WiFi_,94:64:24:9d:df:62,-66
AI,223앞 복도(호),DIRECT-D8-HP M479fnw Color LJ_,ca:5a:cf:d0:d8:d8,-68
AI,223앞 복도(호),GC_free_WiFi_,94:64:24:9d:df:42,-69
AI,224앞 복도(호),226_AP_,70:5d:cc:61:f8:14,-52
AI,224앞 복도(호),DIRECT-D8-HP M479fnw Color LJ_,ca:5a:cf:d0:d8:d8,-54
AI,224앞 복도(호),GC_free_WiFi_,94:64:24:a0:d3:70,-56
AI,224앞 복도(호),GC_free_WiFi_,94:64:24:a1:7c:20,-60
AI,224앞 복도(호),226_5G_AP_,70:5d:cc:61:f8:16,-60
AI,225앞 복도(호),226_AP_,70:5d:cc:61:f8:14,-50
AI,225앞 복도(호),DIRECT-D8-HP M479fnw Color LJ_,ca:5a:cf:d0:d8:d8,-54
AI,225앞 복도(호),GC_free_WiFi_,94:64:24:a0:d3:70,-56
AI,225앞 복도(호),GC_free_WiFi_,94:64:24:a1:7c:20,-59
AI,225앞 복도(호),226_5G_AP_,70:5d:cc:61:f8:16,-59
AI,226앞 복도(호),226_AP_,70:5d:cc:61:f8:14,-44
AI,226앞 복도(호),GC_free_WiFi_,94:64:24:a1:7c:20,-54
AI,226앞 복도(호),226_5G_AP_,70:5d:cc:61:f8:16,-54
AI,226앞 복도(호),DIRECT-D8-HP M479fnw Color LJ_,ca:5a:cf:d0:d8:d8,-55
AI,226앞 복도(호),DIRECT-f0-HP M477 LaserJet_,0e:96:e6:98:45:f0,-56
AI,227앞 복도(호),226_AP_,70:5d:cc:61:f8:14,-42
AI,227앞 복도(호),GC_free_WiFi_,94:64:24:a1:7c:20,-52
AI,227앞 복도(호),226_5G_AP_,70:5d:cc:61:f8:16,-52
AI,227앞 복도(호),DIRECT-f0-HP M477 LaserJet_,0e:96:e6:98:45:f0,-54
AI,227앞 복도(호),DIRECT-D8-HP M479fnw Color LJ_,ca:5a:cf:d0:d8:d8,-56
AI,228앞 복도(호),GC_free_WiFi_,94:64:24:a0:48:40,-55
AI,228앞 복도(호),226_5G_AP_,70:5d:cc:61:f8:16,-55
AI,228앞 복도(호),226_AP_,70:5d:cc:61:f8:14,-56
AI,228앞 복도(호),_,90:9f:33:10:7d:76,-61
AI,228앞 복도(호),_,90:9f:33:10:7d:74,-62
AI,229앞 복도(호),226_5G_AP_,70:5d:cc:61:f8:16,-55
AI,229앞 복도(호),GC_free_WiFi_,94:64:24:a0:48:40,-56
AI,229앞 복도(호),226_AP_,70:5d:cc:61:f8:14,-57
AI,229앞 복도(호),_,90:9f:33:10:7d:74,-63
AI,229앞 복도(호),GC_free_WiFi_,94:64:24:a1:7c:20,-64
AI,230앞 복도(호),_,90:9f:33:10:7d:76,-59
AI,230앞 복도(호),226_AP_,70:5d:cc:61:f8:14,-59
AI,230앞 복도(호),226_5G_AP_,70:5d:cc:61:f8:16,-59
AI,230앞 복도(호),GC_free_WiFi_,94:64:24:a0:48:40,-62
AI,230앞 복도(호),GC_free_WiFi_,94:64:24:a0:68:b0,-63
AI,401앞 복도(호),GC_free_WiFi_,94:64:24:a1:00:c2,-59
AI,401앞 복도(호),GC_free_WiFi_,94:64:24:a1:00:a2,-64
AI,401앞 복도(호),MobileLab-ax_,28:80:88:33:c8:89,-66
AI,401앞 복도(호),[air purifier] Samsung_,28:6d:97:88:a7:8e,-66
AI,401앞 복도(호),DIRECT-7a-HP Cha-M283fdw_,ca:94:02:fd:83:7a,-67
AI,402앞 복도(호),GC_free_WiFi_,94:64:24:a1:00:c2,-58
AI,402앞 복도(호),GC_free_WiFi_,94:64:24:a1:00:a2,-65
AI,402앞 복도(호),MobileLab-ax_,28:80:88:33:c8:89,-67
AI,402앞 복도(호),[air purifier] Samsung_,28:6d:97:88:a7:8e,-68
AI,402앞 복도(호),DIRECT-7a-HP Cha-M283fdw_,ca:94:02:fd:83:7a,-68
AI,403앞 복도(호),GC_free_WiFi_,94:64:24:a0:ce:82,-54
AI,403앞 복도(호),GC_free_WiFi_,94:64:24:a0:ce:62,-61
AI,403앞 복도(호),GC_free_WiFi_,94:64:24:9e:7e:62,-68
AI,403앞 복도(호),GC_free_WiFi_,94:64:24:9e:fa:82,-71
AI,403앞 복도(호),GC_free_WiFi_,94:64:24:a0:8a:12,-71
AI,404앞 복도(호),GC_free_WiFi_,94:64:24:a0:ce:82,-53
AI,404앞 복도(호),GC_free_WiFi_,94:64:24:9d:d8:52,-60
AI,404앞 복도(호),GC_free_WiFi_,94:64:24:a0:ce:62,-60
AI,404앞 복도(호),GC_free_WiFi_,94:64:24:9f:82:42,-67
AI,404앞 복도(호),GC_free_WiFi_,94:64:24:9e:7e:62,-68
AI,405앞 복도(호),GC_free_WiFi_,94:64:24:9f:82:42,-59
AI,405앞 복도(호),GC_free_WiFi_,94:64:24:9d:d8:52,-60
AI,405앞 복도(호),GC_free_WiFi_,94:64:24:9d:d8:72,-62
AI,405앞 복도(호),GC_free_WiFi_,94:64:24:9e:54:42,-69
AI,405앞 복도(호),iptime_,64:e5:99:0f:c6:c2,-72
AI,406앞 복도(호),GC_free_WiFi_,94:64:24:9f:82:42,-59
AI,406앞 복도(호),GC_free_WiFi_,94:64:24:9d:d8:52,-60
AI,406앞 복도(호),GC_free_WiFi_,94:64:24:9d:d8:72,-62
AI,406앞 복도(호),GC_free_WiFi_,94:64:24:9e:54:42,-69
AI,406앞 복도(호),iptime_,64:e5:99:0f:c6:c2,-72
AI,407(호),GC_free_WiFi_,94:64:24:9f:82:42,-44
AI,407(호),GC_free_WiFi_,94:64:24:9f:82:22,-61
AI,407(호),GC_free_WiFi_,94:64:24:9f:f9:62,-63
AI,407(호),GC_free_WiFi_,94:64:24:9f:f9:82,-64
AI,407(호),GC_free_WiFi_,94:64:24:9e:54:42,-64
AI,407A앞 복도(호),GC_free_WiFi_,94:64:24:9f:82:42,-48
AI,407A앞 복도(호),GC_free_WiFi_,94:64:24:9f:82:22,-55
AI,407A앞 복도(호),GC_free_WiFi_,94:64:24:9e:54:62,-56
AI,407A앞 복도(호),GC_free_WiFi_,94:64:24:9f:f9:82,-64
AI,407A앞 복도(호),iptime_,64:e5:99:0f:c6:c2,-70
AI,407앞 복도(호),GC_free_WiFi_,94:64:24:9f:82:22,-68
AI,407앞 복도(호),GC_free_WiFi_,94:64:24:a1:08:d2,-69
AI,407앞 복도(호),GC_free_WiFi_,94:64:24:9f:ba:b2,-71
AI,407앞 복도(호),GC_free_WiFi_,94:64:24:9e:54:42,-72
AI,407앞 복도(호),GC_free_WiFi_,94:64:24:9f:f9:82,-73
AI,408(호),GC_free_WiFi_,94:64:24:9f:82:42,-44
AI,408(호),GC_free_WiFi_,94:64:24:9f:82:22,-63
AI,408(호),GC_free_WiFi_,94:64:24:9f:f9:62,-64
AI,408(호),GC_free_WiFi_,94:64:24:9e:54:42,-64
AI,408(호),GC_free_WiFi_,94:64:24:a1:08:d2,-65
AI,408앞 복도(호),GC_free_WiFi_,94:64:24:a1:08:d2,-67
AI,408앞 복도(호),GC_free_WiFi_,94:64:24:9f:ba:b2,-68
AI,408앞 복도(호),iptime5G_,64:e5:99:0f:c6:c3,-73
AI,408앞 복도(호),GC_free_WiFi_,94:64:24:9f:f9:62,-74
AI,408앞 복도(호),GC_free_WiFi_,94:64:24:9f:f9:82,-74
AI,409(호),GC_free_WiFi_,94:64:24:9f:f9:82,-54
AI,409(호),GC_free_WiFi_,94:64:24:9f:f9:62,-55
AI,409(호),GC_free_WiFi_,94:64:24:9f:82:22,-57
AI,409(호),GC_free_WiFi_,94:64:24:9f:82:42,-59
AI,409(호),GC_free_WiFi_,94:64:24:a1:08:d2,-59
AI,409앞 복도(호),iptime_,64:e5:99:0f:c6:c2,-58
AI,409앞 복도(호),GC_free_WiFi_,94:64:24:a1:08:d2,-68
AI,409앞 복도(호),GC_free_WiFi_,94:64:24:a1:08:b2,-68
AI,409앞 복도(호),GC_free_WiFi_,94:64:24:9f:ba:b2,-68
AI,409앞 복도(호),iptime5G_,64:e5:99:0f:c6:c3,-72
AI,410(호),GC_free_WiFi_,94:64:24:a1:08:d2,-52
AI,410(호),GC_free_WiFi_,94:64:24:a1:08:b2,-57
AI,410(호),iptime_,66:e5:99:0f:c6:c3,-58
AI,410(호),iptime_,64:e5:99:0f:c6:c2,-58
AI,410(호),GC_free_WiFi_,94:64:24:9f:f9:82,-62
AI,410앞 복도(호),GC_free_WiFi_,94:64:24:a1:88:f2,-68
AI,410앞 복도(호),GC_free_WiFi_,94:64:24:9d:df:02,-70
AI,410앞 복도(호),GC_free_WiFi_,94:64:24:a1:89:12,-71
AI,410앞 복도(호),GC_free_WiFi_,94:64:24:a1:08:b2,-72
AI,410앞 복도(호),GC_free_WiFi_,94:64:24:9f:ba:b2,-73
AI,411(호),GC_free_WiFi_,94:64:24:9f:ba:b2,-49
AI,411(호),GC_free_WiFi_,94:64:24:a1:08:d2,-53
AI,411(호),iptime5G_,64:e5:99:0f:c6:c3,-54
AI,411(호),GC_free_WiFi_,94:64:24:9f:ba:92,-57
AI,411(호),GC_free_WiFi_,94:64:24:a1:89:12,-59
AI,411앞 복도(호),GC_free_WiFi_,94:64:24:9f:82:42,-48
AI,411앞 복도(호),GC_free_WiFi_,94:64:24:9f:82:22,-55
AI,411앞 복도(호),GC_free_WiFi_,94:64:24:9e:54:62,-56
AI,411앞 복도(호),iptime_,66:e5:99:0f:c6:c3,-61
AI,411앞 복도(호),iptime_,64:e5:99:0f:c6:c2,-65
AI,412(호),GC_free_WiFi_,94:64:24:9e:24:10,-44
AI,412(호),GC_free_WiFi_,94:64:24:9e:24:30,-52
AI,412(호),GC_free_WiFi_,94:64:24:a1:08:d2,-53
AI,412(호),iptime5G_,64:e5:99:0f:c6:c3,-54
AI,412(호),GC_free_WiFi_,94:64:24:9f:38:92,-55
AI,413(호),GC_free_WiFi_,94:64:24:9e:84:32,-53
AI,413(호),GC_free_WiFi_,94:64:24:a0:3d:02,-54
AI,413(호),GC_free_WiFi_,94:64:24:9e:84:12,-54
AI,413(호),GC_free_WiFi_,94:64:24:9f:38:92,-59
AI,413(호),GC_free_WiFi_,94:64:24:a0:3c:e2,-61
AI,414(호),GC_free_WiFi_,94:64:24:a0:3d:02,-52
AI,414(호),GC_free_WiFi_,94:64:24:9e:84:32,-52
AI,414(호),GC_free_WiFi_,94:64:24:9e:84:12,-54
AI,414(호),GC_free_WiFi_,94:64:24:9f:38:92,-59
AI,414(호),GC_free_WiFi_,94:64:24:a0:3c:e2,-60
AI,414앞 복도(호),GC_free_WiFi_,94:64:24:9f:ea:90,-65
AI,414앞 복도(호),GC_free_WiFi_,94:64:24:9f:ea:b0,-66
AI,414앞 복도(호),GC_free_WiFi_,94:64:24:9f:fb:12,-70
AI,414앞 복도(호),GC_free_WiFi_,94:64:24:9f:fb:32,-72
AI,414앞 복도(호),GC_free_WiFi_,94:64:24:9d:f1:32,-72
AI,415(호),GC_free_WiFi_,94:64:24:9e:84:32,-52
AI,415(호),GC_free_WiFi_,94:64:24:9e:84:12,-54
AI,415(호),GC_free_WiFi_,94:64:24:9f:38:92,-59
AI,415(호),GC_free_WiFi_,94:64:24:9e:24:30,-63
AI,415(호),GC_free_WiFi_,94:64:24:9f:38:72,-64
AI,415앞 복도(호),GC_free_WiFi_,94:64:24:9f:ea:90,-65
AI,415앞 복도(호),GC_free_WiFi_,94:64:24:9f:ea:b0,-66
AI,415앞 복도(호),GC_free_WiFi_,94:64:24:9f:fb:12,-70
AI,415앞 복도(호),GC_free_WiFi_,94:64:24:9f:fb:32,-72
AI,415앞 복도(호),GC_free_WiFi_,94:64:24:9d:f1:32,-72
AI,416앞 복도(호),GC_free_WiFi_,94:64:24:a0:3d:02,-60
AI,416앞 복도(호),GC_free_WiFi_,94:64:24:9d:f1:32,-61
AI,416앞 복도(호),GC_free_WiFi_,94:64:24:9e:84:32,-62
AI,416앞 복도(호),GC_free_WiFi_,94:64:24:9f:c4:42,-69
AI,416앞 복도(호),GC_free_WiFi_,94:64:24:9f:c4:22,-71
AI,417앞 복도(호),slee_,88:36:6c:83:5c:e2,-51
AI,417앞 복도(호),DIRECT-72-SA SL-J1780W series_,aa:b1:3b:05:3a:72,-58
AI,417앞 복도(호),jychoi19_,88:36:6c:d6:22:5c,-58
AI,417앞 복도(호),GC_free_WiFi_,94:64:24:a0:3d:02,-60
AI,417앞 복도(호),GC_free_WiFi_,94:64:24:9f:83:72,-60
AI,419복도 앞(호),iptime5G-2_,88:36:6c:d6:22:5e,-48
AI,419복도 앞(호),iptime5G-1_,88:36:6c:d6:22:5f,-50
AI,419복도 앞(호),GC_free_WiFi_,94:64:24:9d:df:02,-51
AI,419복도 앞(호),GC_free_WiFi_,94:64:24:9e:72:f2,-51
AI,419복도 앞(호),GC_free_WiFi_,94:64:24:a1:89:12,-52
AI,420앞 복도(호),jychoi19_,88:36:6c:d6:22:5c,-47
AI,420앞 복도(호),GC_free_WiFi_,94:64:24:9e:72:f2,-51
AI,420앞 복도(호),ASUS_5G_,b0:6e:bf:6a:a7:04,-54
AI,420앞 복도(호),iptime5G-2_,88:36:6c:d6:22:5e,-55
AI,420앞 복도(호),iptime5G-1_,88:36:6c:d6:22:5f,-55
AI,421앞 복도(호),jychoi19_,88:36:6c:d6:22:5c,-47
AI,421앞 복도(호),GC_free_WiFi_,94:64:24:9e:72:f2,-51
AI,421앞 복도(호),ASUS_5G_,b0:6e:bf:6a:a7:04,-54
AI,421앞 복도(호),iptime5G-2_,88:36:6c:d6:22:5e,-55
AI,421앞 복도(호),iptime5G-1_,88:36:6c:d6:22:5f,-55
AI,422앞 복도(호),jychoi19_,88:36:6c:d6:22:5c,-48
AI,422앞 복도(호),iptime5G-2_,88:36:6c:d6:22:5e,-52
AI,422앞 복도(호),NIGHTHAWK-5G-1_,10:0c:6b:2e:e9:01,-56
AI,422앞 복도(호),NIGHTHAWK_,10:0c:6b:2e:e9:02,-57
AI,422앞 복도(호),NIGHTHAWK-5G-2_,10:0c:6b:2e:e9:00,-57
AI,423앞 복도(호),jychoi19_,88:36:6c:d6:22:5c,-50
AI,423앞 복도(호),It515_,6c:19:8f:cb:85:58,-50
AI,423앞 복도(호),NIGHTHAWK_,10:0c:6b:2e:e9:02,-56
AI,423앞 복도(호),NIGHTHAWK-5G-2_,10:0c:6b:2e:e9:00,-56
AI,423앞 복도(호),NIGHTHAWK-5G-1_,10:0c:6b:2e:e9:01,-57
AI,424앞 복도(호),It515_,6c:19:8f:cb:85:58,-48
AI,424앞 복도(호),jychoi19_,88:36:6c:d6:22:5c,-49
AI,424앞 복도(호),WINL-2.4G_,88:36:6c:69:70:e2,-57
AI,424앞 복도(호),NIGHTHAWK-5G-2_,10:0c:6b:2e:e9:00,-57
AI,424앞 복도(호),NIGHTHAWK_,10:0c:6b:2e:e9:02,-58
AI,425앞 복도(호),It515_,6c:19:8f:cb:85:58,-47
AI,425앞 복도(호),jychoi19_,88:36:6c:d6:22:5c,-50
AI,425앞 복도(호),WINL-2.4G_,88:36:6c:69:70:e2,-57
AI,425앞 복도(호),GC_free_WiFi_,94:64:24:9e:3f:00,-58
AI,425앞 복도(호),NIGHTHAWK_,10:0c:6b:2e:e9:02,-58
AI,425옆 로비(호),It515_,6c:19:8f:cb:85:58,-42
AI,425옆 로비(호),It515-5ghz_,6c:19:8f:cb:85:5a,-53
AI,425옆 로비(호),orjeong_,90:9f:33:2e:9d:e2,-55
AI,425옆 로비(호),GC_free_WiFi_,94:64:24:9e:3f:00,-58
AI,425옆 로비(호),WINL-2.4G_,88:36:6c:69:70:e2,-60
AI,426앞 복도(호),It515_,6c:19:8f:cb:85:58,-47
AI,426앞 복도(호),It515-5ghz_,6c:19:8f:cb:85:5a,-57
AI,426앞 복도(호),GC_free_WiFi_,94:64:24:9e:3f:00,-58
AI,426앞 복도(호),WINL-2.4G_,88:36:6c:69:70:e2,-61
AI,426앞 복도(호),GC_free_WiFi_,94:64:24:9e:3e:e0,-62
AI,427앞 복도(호),It515_,6c:19:8f:cb:85:58,-47
AI,427앞 복도(호),[LG_AirPurifier]eb13_,1e:39:29:50:eb:13,-56
AI,427앞 복도(호),GC_free_WiFi_,94:64:24:9e:3f:00,-58
AI,427앞 복도(호),GC_free_WiFi_,94:64:24:9e:05:52,-59
AI,427앞 복도(호),lib428_2G_,90:9f:33:fa:17:1c,-60
AI,428앞 복도(호),[LG_AirPurifier]eb13_,1e:39:29:50:eb:13,-53
AI,428앞 복도(호),GC_free_WiFi_,94:64:24:9e:05:52,-59
AI,428앞 복도(호),lib428_2G_,90:9f:33:fa:17:1c,-60
AI,428앞 복도(호),DIRECT-9a-HP M281 LaserJet_,12:5b:ad:78:eb:9a,-61
AI,428앞 복도(호),GC_free_WiFi_,94:64:24:9e:05:72,-62
AI,429앞 복도(호),lib428_2G_,90:9f:33:fa:17:1c,-54
AI,429앞 복도(호),[LG_AirPurifier]eb13_,1e:39:29:50:eb:13,-58
AI,429앞 복도(호),GC_free_WiFi_,94:64:24:a1:22:80,-59
AI,429앞 복도(호),DIRECT-9a-HP M281 LaserJet_,12:5b:ad:78:eb:9a,-59
AI,429앞 복도(호),lib428_5G_,90:9f:33:f9:17:1c,-62
AI,430앞 복도(호),lib428_2G_,90:9f:33:fa:17:1c,-51
AI,430앞 복도(호),DIRECT-9a-HP M281 LaserJet_,12:5b:ad:78:eb:9a,-57
AI,430앞 복도(호),GC_free_WiFi_,94:64:24:a1:22:80,-58
AI,430앞 복도(호),GC_free_WiFi_,94:64:24:9e:2d:02,-59
AI,430앞 복도(호),[LG_AirPurifier]eb13_,1e:39:29:50:eb:13,-61
AI,431앞 복도(호),lib428_2G_,90:9f:33:fa:17:1c,-50
AI,431앞 복도(호),DIRECT-9a-HP M281 LaserJet_,12:5b:ad:78:eb:9a,-57
AI,431앞 복도(호),GC_free_WiFi_,94:64:24:9e:2d:02,-58
AI,431앞 복도(호),GC_free_WiFi_,94:64:24:a1:22:80,-59
AI,431앞 복도(호),[LG_AirPurifier]eb13_,1e:39:29:50:eb:13,-61
AI,432앞 복도(호),lib428_2G_,90:9f:33:fa:17:1c,-48
AI,432앞 복도(호),GC_free_WiFi_,94:64:24:9e:2d:02,-50
AI,432앞 복도(호),lib428_5G_,90:9f:33:f9:17:1c,-53
AI,432앞 복도(호),DIRECT-7a-HP Cha-M283fdw_,ca:94:02:fd:83:7a,-54
AI,432앞 복도(호),GC_free_WiFi_,94:64:24:9e:2c:e2,-55
AI,433앞 복도(호),lib428_2G_,90:9f:33:fa:17:1c,-48
AI,433앞 복도(호),GC_free_WiFi_,94:64:24:9e:2d:02,-50
AI,433앞 복도(호),lib428_5G_,90:9f:33:f9:17:1c,-53
AI,433앞 복도(호),DIRECT-7a-HP Cha-M283fdw_,ca:94:02:fd:83:7a,-54
AI,433앞 복도(호),GC_free_WiFi_,94:64:24:9e:2c:e2,-55
AI,434앞 복도(호),[air purifier] Samsung_,28:6d:97:88:a7:8e,-50
AI,434앞 복도(호),DIRECT-7a-HP Cha-M283fdw_,ca:94:02:fd:83:7a,-50
AI,434앞 복도(호),GC_free_WiFi_,94:64:24:a0:34:d0,-55
AI,434앞 복도(호),MobileLab-ax_,28:80:88:33:c8:89,-57
AI,434앞 복도(호),GC_free_WiFi_,94:64:24:a0:34:f0,-57
AI,435앞 복도(호),[air purifier] Samsung_,28:6d:97:88:a7:8e,-49
AI,435앞 복도(호),MobileLab-ax_,28:80:88:33:c8:89,-55
AI,435앞 복도(호),MobileLab-ax-5G_,28:80:88:33:c8:88,-55
AI,435앞 복도(호),GC_free_WiFi_,94:64:24:a0:34:d0,-55
AI,435앞 복도(호),GC_free_WiFi_,94:64:24:a0:34:f0,-56
AI,501앞 복도(호),GC_free_WiFi_,94:64:24:9e:fa:82,-56
AI,501앞 복도(호),GC_free_WiFi_,94:64:24:9e:fa:62,-59
AI,501앞 복도(호),GC_free_WiFi_,94:64:24:a0:ce:82,-70
AI,501앞 복도(호),GC_free_WiFi_,94:64:24:a1:00:c2,-71
AI,501앞 복도(호),GC_free_WiFi_,94:64:24:a1:00:a2,-74
AI,502앞 복도(호),AI-502-Software_5G_,c4:6e:1f:ed:40:fb,-51
AI,502앞 복도(호),AI-502-Software_,c4:6e:1f:ed:40:fa,-54
AI,502앞 복도(호),GC_free_WiFi_,94:64:24:9e:fa:82,-56
AI,502앞 복도(호),VOM5G_,fc:34:97:2e:ab:44,-57
AI,502앞 복도(호),DIRECT-1B-SA SL-T1670W Series_,02:68:eb:f6:c7:1b,-57
AI,503(호),DIRECT-1B-SA SL-T1670W Series_,02:68:eb:f6:c7:1b,-54
AI,503(호),GC_free_WiFi_,94:64:24:9e:d1:42,-54
AI,503(호),AI-502-Software_,c4:6e:1f:ed:40:fa,-55
AI,503(호),GC_free_WiFi_,94:64:24:a0:70:60,-57
AI,503(호),SADI_,70:5d:cc:5d:eb:22,-59
AI,503앞 복도(호),AI-502-Software_5G_,c4:6e:1f:ed:40:fb,-51
AI,503앞 복도(호),AI-502-Software_,c4:6e:1f:ed:40:fa,-55
AI,503앞 복도(호),VOM5G_,fc:34:97:2e:ab:44,-58
AI,503앞 복도(호),SADI_,70:5d:cc:5d:eb:22,-59
AI,503앞 복도(호),GC_free_WiFi_,94:64:24:9e:21:92,-59
AI,504(호),GC_free_WiFi_,94:64:24:a1:0f:32,-55
AI,504(호),GC_free_WiFi_,94:64:24:a1:0f:12,-60
AI,504(호),GC_free_WiFi_,94:64:24:9f:14:c0,-66
AI,504(호),AI506_,e4:6f:13:fe:a6:94,-72
AI,504(호),GC_free_WiFi_,94:64:24:a1:59:d2,-74
AI,504앞 복도(호),DIRECT-1B-SA SL-T1670W Series_,02:68:eb:f6:c7:1b,-53
AI,504앞 복도(호),GC_free_WiFi_,94:64:24:a1:0f:32,-56
AI,504앞 복도(호),GC_free_WiFi_,94:64:24:a1:0f:12,-60
AI,504앞 복도(호),GC_free_WiFi_,94:64:24:9f:14:c0,-65
AI,504앞 복도(호),GC_free_WiFi_,94:64:24:9f:14:a0,-68
AI,505(호),GC_free_WiFi_,94:64:24:a1:59:d2,-52
AI,505(호),GC_free_WiFi_,94:64:24:a1:59:b2,-60
AI,505(호),GC_free_WiFi_,94:64:24:a0:fe:50,-61
AI,505(호),AI506_,e4:6f:13:fe:a6:94,-62
AI,505(호),GC_free_WiFi_,94:64:24:a0:fe:30,-64
AI,505앞 복도(호),GC_free_WiFi_,94:64:24:a1:59:d2,-54
AI,505앞 복도(호),GC_free_WiFi_,94:64:24:a1:59:b2,-60
AI,505앞 복도(호),AI506_,e4:6f:13:fe:a6:94,-63
AI,505앞 복도(호),GC_free_WiFi_,94:64:24:a0:fe:50,-63
AI,505앞 복도(호),GC_free_WiFi_,94:64:24:a1:0f:12,-66
AI,506앞 복도(호),AI506_,e4:6f:13:fe:a6:94,-59
AI,506앞 복도(호),DIRECT-A3-HP _,06:0e:3c:e9:79:a3,-60
AI,506앞 복도(호),GC_free_WiFi_,94:64:24:a0:fe:50,-62
AI,506앞 복도(호),GC_free_WiFi_,94:64:24:a1:59:d2,-62
AI,506앞 복도(호),AI506_,e4:6f:13:fe:a6:96,-64
AI,507A앞 복도(호),DIRECT-A3-HP _,06:0e:3c:e9:79:a3,-60
AI,507A앞 복도(호),GC_free_WiFi_,94:64:24:a0:fe:50,-63
AI,507A앞 복도(호),AI506_,e4:6f:13:fe:a6:96,-64
AI,507A앞 복도(호),GC_free_WiFi_,94:64:24:a1:59:d2,-64
AI,507A앞 복도(호),GC_free_WiFi_,94:64:24:a1:59:b2,-68
AI,507앞 복도(호),AI506_,e4:6f:13:fe:a6:94,-57
AI,507앞 복도(호),DIRECT-A3-HP _,06:0e:3c:e9:79:a3,-57
AI,507앞 복도(호),GC_free_WiFi_,94:64:24:a0:df:c2,-61
AI,507앞 복도(호),GC_free_WiFi_,94:64:24:9e:c3:12,-62
AI,507앞 복도(호),GC_free_WiFi_,94:64:24:9f:51:62,-66
AI,508(호),GC_free_WiFi_,94:64:24:9f:51:82,-54
AI,508(호),GC_free_WiFi_,94:64:24:a0:df:c2,-55
AI,508(호),GC_free_WiFi_,94:64:24:9e:c3:12,-60
AI,508(호),GC_free_WiFi_,94:64:24:a0:0b:82,-60
AI,508(호),GC_free_WiFi_,94:64:24:a0:0b:62,-61
AI,508앞 복도(호),DIRECT-A3-HP _,06:0e:3c:e9:79:a3,-57
AI,508앞 복도(호),GC_free_WiFi_,94:64:24:a0:df:c2,-58
AI,508앞 복도(호),GC_free_WiFi_,94:64:24:9e:c3:12,-60
AI,508앞 복도(호),GC_free_WiFi_,94:64:24:9f:51:62,-66
AI,508앞 복도(호),GC_free_WiFi_,94:64:24:9e:c3:32,-67
AI,509앞 복도(호),GC_free_WiFi_,94:64:24:9f:51:82,-53
AI,509앞 복도(호),GC_free_WiFi_,94:64:24:a0:df:c2,-55
AI,509앞 복도(호),GC_free_WiFi_,94:64:24:a0:0b:82,-58
AI,509앞 복도(호),GC_free_WiFi_,94:64:24:a0:0b:62,-61
AI,509앞 복도(호),GC_free_WiFi_,94:64:24:9f:51:62,-62
AI,510(호),GC_free_WiFi_,94:64:24:9f:70:52,-59
AI,510(호),GC_free_WiFi_,94:64:24:9f:70:72,-64
AI,510(호),AI506_,e4:6f:13:fe:a6:94,-66
AI,510(호),GC_free_WiFi_,94:64:24:9e:16:02,-67
AI,510(호),DIRECT-A3-HP _,06:0e:3c:e9:79:a3,-69
AI,510앞 복도(호),GC_free_WiFi_,94:64:24:9f:51:82,-54
AI,510앞 복도(호),GC_free_WiFi_,94:64:24:a0:df:c2,-58
AI,510앞 복도(호),GC_free_WiFi_,94:64:24:a0:0b:82,-60
AI,510앞 복도(호),GC_free_WiFi_,94:64:24:9f:70:52,-61
AI,510앞 복도(호),GC_free_WiFi_,94:64:24:9f:51:62,-62
AI,511(호),GC_free_WiFi_,94:64:24:9f:70:52,-59
AI,511(호),GC_free_WiFi_,94:64:24:9f:70:72,-64
AI,511(호),AI506_,e4:6f:13:fe:a6:94,-66
AI,511(호),GC_free_WiFi_,94:64:24:9e:16:02,-67
AI,511(호),DIRECT-A3-HP _,06:0e:3c:e9:79:a3,-69
AI,511앞 복도(호),GC_free_WiFi_,94:64:24:9e:16:02,-60
AI,511앞 복도(호),GC_free_WiFi_,94:64:24:9f:70:72,-62
AI,511앞 복도(호),GC_free_WiFi_,94:64:24:9e:e1:32,-64
AI,511앞 복도(호),AI506_,e4:6f:13:fe:a6:94,-66
AI,511앞 복도(호),GC_free_WiFi_,94:64:24:a0:0b:82,-66
AI,512앞 복도(호),GC_free_WiFi_,94:64:24:9f:70:72,-63
AI,512앞 복도(호),GC_free_WiFi_,94:64:24:9e:e1:32,-66
AI,512앞 복도(호),AI506_,e4:6f:13:fe:a6:94,-67
AI,512앞 복도(호),GC_free_WiFi_,94:64:24:9e:16:22,-69
AI,512앞 복도(호),GC_free_WiFi_,94:64:24:9f:70:52,-71
AI,513앞 복도(호),GC_free_WiFi_,94:64:24:9d:fb:f2,-59
AI,513앞 복도(호),GC_free_WiFi_,94:64:24:9d:fc:12,-59
AI,513앞 복도(호),DIRECT-ae-HP M477 LaserJet_,fa:da:0c:48:e6:ae,-62
AI,513앞 복도(호),GC_free_WiFi_,94:64:24:9e:e1:32,-66
AI,513앞 복도(호),AI506_,e4:6f:13:fe:a6:94,-67
AI,514앞 복도(호),GC_free_WiFi_,94:64:24:9d:fb:f2,-55
AI,514앞 복도(호),GC_free_WiFi_,94:64:24:9d:fc:12,-57
AI,514앞 복도(호),DIRECT-ae-HP M477 LaserJet_,fa:da:0c:48:e6:ae,-61
AI,514앞 복도(호),GC_free_WiFi_,94:64:24:a1:09:72,-68
AI,514앞 복도(호),GC_free_WiFi_,94:64:24:a1:09:92,-71
AI,515앞 복도(호),GC_free_WiFi_,94:64:24:9d:fb:f2,-55
AI,515앞 복도(호),GC_free_WiFi_,94:64:24:9d:fc:12,-57
AI,515앞 복도(호),DIRECT-ae-HP M477 LaserJet_,fa:da:0c:48:e6:ae,-61
AI,515앞 복도(호),GC_free_WiFi_,94:64:24:a1:09:72,-68
AI,515앞 복도(호),GC_free_WiFi_,94:64:24:a1:09:92,-71
AI,516앞 복도(호),"CnrLab_2,4GHz_",72:5d:cc:c1:54:c0,-51
AI,516앞 복도(호),GC_free_WiFi_,94:64:24:a1:09:92,-58
AI,516앞 복도(호),GC_free_WiFi_,94:64:24:a1:09:72,-58
AI,516앞 복도(호),Algorithm_Lab_,88:36:6c:8e:07:c8,-61
AI,516앞 복도(호),CnrLab_5GHz_,70:5d:cc:c1:54:c0,-61
AI,517앞 복도(호),"CnrLab_2,4GHz_",72:5d:cc:c1:54:c0,-51
AI,517앞 복도(호),GC_free_WiFi_,94:64:24:a1:09:92,-58
AI,517앞 복도(호),GC_free_WiFi_,94:64:24:a1:09:72,-58
AI,517앞 복도(호),Algorithm_Lab_,88:36:6c:8e:07:c8,-61
AI,517앞 복도(호),CnrLab_5GHz_,70:5d:cc:c1:54:c0,-61
AI,518앞 복도(호),"CnrLab_2,4GHz_",72:5d:cc:c1:54:c0,-56
AI,518앞 복도(호),CnrLab_5GHz_,70:5d:cc:c1:54:c0,-56
AI,518앞 복도(호),CCL_2.4Ghz_,70:5d:cc:d4:7b:b4,-58
AI,518앞 복도(호),Algorithm_Lab_,88:36:6c:8e:07:c8,-58
AI,518앞 복도(호),GC_free_WiFi_,94:64:24:a1:09:72,-58
AI,519앞 복도(호),CnrLab_5GHz_,70:5d:cc:c1:54:c0,-53
AI,519앞 복도(호),CCL_2.4Ghz_,70:5d:cc:d4:7b:b4,-56
AI,519앞 복도(호),Algorithm_Lab_,88:36:6c:8e:07:c8,-57
AI,519앞 복도(호),GC_free_WiFi_,94:64:24:a1:94:f2,-59
AI,519앞 복도(호),CCL_5Ghz_,70:5d:cc:d4:7b:b6,-59
AI,520앞 복도(호),CnrLab_5GHz_,70:5d:cc:c1:54:c0,-53
AI,520앞 복도(호),CCL_2.4Ghz_,70:5d:cc:d4:7b:b4,-56
AI,520앞 복도(호),Algorithm_Lab_,88:36:6c:8e:07:c8,-57
AI,520앞 복도(호),GC_free_WiFi_,94:64:24:a1:94:f2,-59
AI,520앞 복도(호),CCL_5Ghz_,70:5d:cc:d4:7b:b6,-59
AI,521앞 복도(호),CnrLab_5GHz_,70:5d:cc:c1:54:c0,-53
AI,521앞 복도(호),DIRECT-11-HP M280 LaserJet_,9e:30:5b:0e:f2:11,-53
AI,521앞 복도(호),gachon_ine_wifi_,58:86:94:2f:d0:de,-56
AI,521앞 복도(호),DIRECT-ff-HP M280 LaserJet_,fe:01:7c:2d:5d:ff,-56
AI,521앞 복도(호),AI522_5G_,88:36:6c:e8:79:3c,-57
AI,522앞 복도(호),DIRECT-11-HP M280 LaserJet_,9e:30:5b:0e:f2:11,-49
AI,522앞 복도(호),AI522_5G_,88:36:6c:e8:79:3c,-53
AI,522앞 복도(호),gachon_ine_wifi_,58:86:94:2f:d0:de,-54
AI,522앞 복도(호),DIRECT-ff-HP M280 LaserJet_,fe:01:7c:2d:5d:ff,-56
AI,522앞 복도(호),majutech_,00:26:66:94:60:68,-60
AI,523앞 복도(호),CPSS1_,70:5d:cc:93:2c:5c,-53
AI,523앞 복도(호),SecurityLab5G_,88:36:6c:e9:f0:60,-54
AI,523앞 복도(호),iptime_,8a:36:6c:c9:f0:60,-54
AI,523앞 복도(호),GC_free_WiFi_,94:64:24:9f:3d:12,-55
AI,523앞 복도(호),[LG_AirPurifier]a319_,1e:39:29:50:a3:19,-55
AI,524앞 복도(호),GC_free_WiFi_,94:64:24:9f:3d:12,-53
AI,524앞 복도(호),CPSS1_,70:5d:cc:93:2c:5c,-54
AI,524앞 복도(호),SecurityLab5G_,88:36:6c:e9:f0:60,-54
AI,524앞 복도(호),[LG_AirPurifier]a319_,1e:39:29:50:a3:19,-55
AI,524앞 복도(호),CPSS_5G_,58:86:94:0d:6d:fe,-56
AI,525앞 복도(호),CPSS_5G_,58:86:94:0d:6d:fe,-52
AI,525앞 복도(호),GC_free_WiFi_,94:64:24:9f:3d:12,-56
AI,525앞 복도(호),SecurityLab5G_,88:36:6c:e9:f0:60,-57
AI,525앞 복도(호),[LG_AirPurifier]a319_,1e:39:29:50:a3:19,-59
AI,525앞 복도(호),CPSS1_,70:5d:cc:93:2c:5c,-59
AI,525옆 로비(호),CPSS_5G_,58:86:94:0d:6d:fe,-52
AI,525옆 로비(호),GC_free_WiFi_,94:64:24:9f:3d:12,-56
AI,525옆 로비(호),SecurityLab5G_,88:36:6c:e9:f0:60,-57
AI,525옆 로비(호),[LG_AirPurifier]a319_,1e:39:29:50:a3:19,-59
AI,525옆 로비(호),CPSS1_,70:5d:cc:93:2c:5c,-59
AI,526앞 복도(호),GC_free_WiFi_,94:64:24:9f:2b:12,-49
AI,526앞 복도(호),IIPLAB_,70:5d:cc:b2:26:1a,-57
AI,526앞 복도(호),GC_free_WiFi_,94:64:24:9f:2a:f2,-58
AI,526앞 복도(호),CPSS_5G_,58:86:94:0d:6d:fe,-59
AI,526앞 복도(호),GC_free_WiFi_,94:64:24:9f:ae:e2,-61
AI,527앞 복도(호),GC_free_WiFi_,94:64:24:9f:2b:12,-48
AI,527앞 복도(호),GC_free_WiFi_,94:64:24:9f:2a:f2,-57
AI,527앞 복도(호),IIPLAB_,70:5d:cc:b2:26:1a,-58
AI,527앞 복도(호),GC_free_WiFi_,94:64:24:9f:ae:e2,-62
AI,527앞 복도(호),IIPLAB_5G_,70:5d:cc:b2:26:18,-68
AI,528앞 복도(호),PRML_,7c:8b:ca:9a:74:e6,-52
AI,528앞 복도(호),IIPLAB_,70:5d:cc:b2:26:1a,-57
AI,528앞 복도(호),GC_free_WiFi_,94:64:24:9f:38:32,-59
AI,528앞 복도(호),GC_free_WiFi_,94:64:24:9f:2a:f2,-60
AI,528앞 복도(호),GC_free_WiFi_,94:64:24:9f:2b:12,-63
AI,529앞 복도(호),GC_free_WiFi_,94:64:24:9f:38:32,-50
AI,529앞 복도(호),PRML_,7c:8b:ca:9a:74:e6,-52
AI,529앞 복도(호),528_WiFi_,58:86:94:03:fd:42,-55
AI,529앞 복도(호),GC_free_WiFi_,94:64:24:9f:38:12,-58
AI,529앞 복도(호),IIPLAB_,70:5d:cc:b2:26:1a,-59
AI,530앞 복도(호),AI_530_2.4G_,64:e5:99:62:96:f4,-53
AI,530앞 복도(호),PRML_,7c:8b:ca:9a:74:e6,-54
AI,530앞 복도(호),islab_scanner_,70:5d:cc:d3:d4:50,-60
AI,530앞 복도(호),GC_free_WiFi_,94:64:24:9f:38:12,-61
AI,530앞 복도(호),GC_free_WiFi_,94:64:24:9f:38:32,-62
AI,531앞 복도(호),AI_530_2.4G_,64:e5:99:62:96:f4,-53
AI,531앞 복도(호),PRML_,7c:8b:ca:9a:74:e6,-55
AI,531앞 복도(호),GC_free_WiFi_,94:64:24:a0:24:a2,-60
AI,531앞 복도(호),DIRECT-cuM288x Series_,32:cd:a7:a1:27:aa,-60
AI,531앞 복도(호),GC_free_WiFi_,94:64:24:9e:c0:c2,-61
AI,532앞 복도(호),islab_scanner_,70:5d:cc:d3:d4:50,-57
AI,532앞 복도(호),GC_free_WiFi_,94:64:24:a0:24:a2,-60
AI,532앞 복도(호),DIRECT-cuM288x Series_,32:cd:a7:a1:27:aa,-60
AI,532앞 복도(호),islab_,72:5d:cc:c3:d4:50,-61
AI,532앞 복도(호),GC_free_WiFi_,94:64:24:9e:c0:c2,-61
AI,큐브(호),GC_free_WiFi_,94:64:24:a0:cb:22,-56
AI,큐브(호),islab_scanner_,70:5d:cc:d3:d4:50,-56
AI,큐브(호),islab_,72:5d:cc:c3:d4:50,-58
AI,큐브(호),GC_free_WiFi_,94:64:24:a0:cb:02,-58
AI,큐브(호),GC_free_WiFi_,94:64:24:a0:24:82,-60
